INSERT INTO CONTRACTCREATOR_CUSTOMER VALUES('34d044d1-3424-3649-2954-7078da65aeac',1,'2020-07-22 11:56:59.026000','admin','2020-07-22 11:56:59.026000',NULL,NULL,NULL,'Дегтярёв Иван Сергеевич','8-987-645-52-34','ids@gmail.com','г.Самара, ул.Балаковская, д.9');
INSERT INTO CONTRACTCREATOR_CUSTOMER VALUES('37f702d6-56e8-c3fc-4851-f6ceeef649ed',1,'2020-07-22 11:53:57.877000','admin','2020-07-22 11:53:57.877000',NULL,NULL,NULL,'Ганеев Рустам Марсович','8-987-161-72-25','ganeevrm@yahoo.com','г.Самара, ул.Партизанская, д.17');
INSERT INTO CONTRACTCREATOR_CUSTOMER VALUES('38846941-9d34-c6bb-9cb4-dbcd87766afe',1,'2020-07-22 11:55:38.974000','admin','2020-07-22 11:55:38.974000',NULL,NULL,NULL,'Арискина Лидия Николаевна','7-987-326-24-64','aris@gmail.com','г.Самара, ул.Школьная, д.38');
INSERT INTO CONTRACTCREATOR_CUSTOMER VALUES('a6b33199-6544-79e4-8147-1fc224290eee',1,'2020-07-22 11:54:47.253000','admin','2020-07-22 11:54:47.253000',NULL,NULL,NULL,'Попов Сергей Викторович','7-937-546-43-23','popov@gmail.com','г.Самара, ул.Авроры, д.23');
INSERT INTO CONTRACTCREATOR_PROVIDER VALUES('4fc02ea5-198b-c24f-bb31-f5bc69fa947a',1,'2020-07-22 11:59:52.558000','admin','2020-07-22 11:59:52.558000',NULL,NULL,NULL,FALSE,'Петров Игорь Константинович','7-987-655-43-43','petrov@gmail.com','Менеджер','г.Самара, ул.Авроры, д.47А',NULL,NULL);
INSERT INTO CONTRACTCREATOR_PROVIDER VALUES('58f098a7-1f2f-7033-b62f-6076310114fa',1,'2020-07-22 12:01:24.447000','admin','2020-07-22 12:01:24.447000',NULL,NULL,NULL,FALSE,'Сидоров Павел Александрович','+7-932-657-34-21','sidorov@gmail.com','Бухгалтер','г.Самара, ул.Красноармейская, д.112',NULL,NULL);
INSERT INTO CONTRACTCREATOR_PROVIDER VALUES('79ec0041-075d-6abd-0a4b-b5c4b714f579',2,'2020-07-22 11:57:53.180000','admin','2020-07-22 15:13:29.696000','admin',NULL,NULL,TRUE,NULL,NULL,NULL,NULL,'г.Самара, ул.Авроры, д.47А','4564578903','А.П. Круглов');
INSERT INTO CONTRACTCREATOR_PROVIDER VALUES('9b55f193-29d7-4f4f-1a5f-5d485105392c',3,'2020-07-22 11:58:27.255000','admin','2020-07-22 15:13:37.513000','admin',NULL,NULL,TRUE,NULL,NULL,NULL,NULL,'г.Самара, ул.Победы, д.16','4563458970','В.С. Ярмов');
INSERT INTO CONTRACTCREATOR_CONTRACT VALUES('67cf36f5-5dfc-83fa-c7f7-e74f274202ee',4,'2020-07-22 13:16:07.607000','admin','2020-07-22 17:26:10.149000','admin',NULL,NULL,'2020-07-07','2020-07-29',500.0E0,568.76E0,'34d044d1-3424-3649-2954-7078da65aeac','58f098a7-1f2f-7033-b62f-6076310114fa');
INSERT INTO CONTRACTCREATOR_CONTRACT VALUES('92147332-67cd-39bb-dd9f-e27d18b8fa4d',4,'2020-07-22 13:16:40.921000','admin','2020-07-22 17:26:31.285000','admin',NULL,NULL,'2020-04-06','2020-10-09',1200.0E0,1500.0E0,'a6b33199-6544-79e4-8147-1fc224290eee','9b55f193-29d7-4f4f-1a5f-5d485105392c');
INSERT INTO CONTRACTCREATOR_CONTRACT VALUES('949d8028-d02b-e210-2093-3656e44dc5eb',2,'2020-07-22 13:15:39.232000','admin','2020-07-22 15:05:47.418000','admin',NULL,NULL,'2020-06-10','2021-07-09',345.5E0,590.0E0,'38846941-9d34-c6bb-9cb4-dbcd87766afe','58f098a7-1f2f-7033-b62f-6076310114fa');
INSERT INTO CONTRACTCREATOR_CONTRACT VALUES('9e3e3b4b-f02c-6b11-6658-b048ee6c5634',4,'2020-07-22 13:17:21.890000','admin','2020-07-22 16:42:49.039000','admin',NULL,NULL,'2020-03-17','2020-07-27',120.0E0,345.0E0,'a6b33199-6544-79e4-8147-1fc224290eee','4fc02ea5-198b-c24f-bb31-f5bc69fa947a');
INSERT INTO CONTRACTCREATOR_CONTRACT VALUES('c245bbc0-ba0e-c193-d5c0-41be277dc05b',1,'2020-07-22 17:20:49.936000','admin','2020-07-22 17:20:49.936000','admin',NULL,NULL,'2020-07-07','2020-08-14',580.0E0,720.0E0,'37f702d6-56e8-c3fc-4851-f6ceeef649ed','79ec0041-075d-6abd-0a4b-b5c4b714f579');
